{
  "min_values": [
    123.0,
    0.0,
    0.0,
    0.0,
    0.0,
    0.0,
    0.0,
    -1.0,
    -1.0,
    0.0,
    104.0,
    0.0,
    101.0,
    103.0
  ],
  "max_values": [
    30016.0,
    22673.0,
    1.0,
    190.0,
    199.0,
    191.384615,
    193.0,
    1.0,
    194.0,
    8056.0,
    194.0,
    36.044936,
    199.0,
    194.0
  ]
}