{
  "timestamp": 0.8193671703338623,
  "time_diff": 2.1262221336364746,
  "side": 10.273224830627441,
  "best_bid": 17.926807403564453,
  "best_ask": 37.01059341430664,
  "micro_price": 0.6381653547286987,
  "mid_price": 87.16522979736328,
  "imbalance": 1.1601191759109497,
  "spread": 2.0113677978515625,
  "total_volume": 0.7120088934898376,
  "p_equilibrium": 0.827873170375824,
  "smiths_alpha": 0.35645538568496704,
  "limit_price_chosen": 8.341776847839355
}