{
  "timestamp": 3.5648319721221924,
  "time_diff": 13.745015144348145,
  "side": 35.511016845703125,
  "best_bid": 356.5636901855469,
  "best_ask": 146.34274291992188,
  "micro_price": 19.1297664642334,
  "mid_price": 135.66513061523438,
  "imbalance": 48.534236907958984,
  "spread": 32.68256759643555,
  "total_volume": 23.175792694091797,
  "p_equilibrium": 20.459508895874023,
  "smiths_alpha": 3.813338279724121,
  "limit_price_chosen": 86.26699829101562
}