{
  "min_values": [
    83.0,
    0.0,
    0.0,
    0.0,
    0.0,
    0.0,
    0.0,
    -1.0,
    -1.0,
    0.0,
    98.0,
    0.0,
    98.0,
    98.0
  ],
  "max_values": [
    30143.0,
    29315.0,
    1.0,
    202.0,
    242.0,
    221.732143,
    217.0,
    1.0,
    201.0,
    12259.0,
    201.0,
    51.964061,
    202.0,
    202.0
  ]
}