{
  "timestamp": 0.8188458681106567,
  "time_diff": 3.131157875061035,
  "side": 16.046245574951172,
  "best_bid": 119.70207977294922,
  "best_ask": 44.467098236083984,
  "micro_price": 5.138792037963867,
  "mid_price": 30.87162208557129,
  "imbalance": 6.786529541015625,
  "spread": 8.127046585083008,
  "total_volume": 3.40482497215271,
  "p_equilibrium": 2.2423646450042725,
  "smiths_alpha": 0.7055584788322449,
  "limit_price_chosen": 13.546847343444824
}